id;mz;rt;group;polarity;id_file;name;formula;corrected_rt;fungisporins
1;481.2905;43.82;B;pos;1;;;43.82;
2;481.2905;44.16;B;pos;1;;;44.22;
3;147.064;3.12;B;pos;3;Verrucolone;C6H10O4;3.12;
4;213.1119;15.65;B;pos;3;PC-2;C11H16O4;15.75;
5;215.1276;13.91;B;pos;3;LL-P880alpha;C11H18O4;13.94;
6;231.1227;5.66;B;pos;3;LL-P880 beta;C11H18O5;5.66;
7;237.1847;17.16;B;pos;3;;;17.16;
8;237.1847;23.12;B;pos;3;;;23.12;
9;253.1794;9.66;B;pos;3;;;9.66;
10;253.1794;22.09;B;pos;3;;;22.09;
11;275.1849;18.1;B;pos;3;;;18.1;
12;312.289;31.75;B;pos;3;;;31.95;
13;337.2731;37.14;B;pos;3;;;37.14;
14;341.1605;20.09;B;pos;3;Aurantiomide C;C18H20N4O3;20.09;
15;341.1601;15.06;B;pos;3;;;15.06;
16;343.1758;12.69;B;pos;3;Anacine;C18H22N4O3;12.8;
17;370.1283;26.51;B;pos;3;Ochratoxin B;C20H19NO6;26.51;
18;404.0891;33.16;B;pos;3;Ochratoxin A;C20H18NO6Cl;33.16;
19;467.2999;30.46;B;pos;3;;;30.46;
20;497.3741;43.63;B;pos;4;;;43.63;
21;511.2906;17.9;B;pos;4;Hydrolyzed fungisporin A;C28H38N405;17.9;known
22;511.2906;18.57;B;pos;4;Hydrolyzed Cyclo(VFVF);C28H38N4O5;18.57;known
23;521.2885;39.52;B;pos;4;;;39.52;
24;525.27;25.82;B;pos;4;Cyclo(R1 VVF);C28H36N4O6;25.82;unknown
25;525.3051;19.55;B;pos;4;Hydrolyzed Cyclo(FFVI) IFFV;C29H40N4O5;19.55;known
26;525.306;20.2;B;pos;4;Hydrolyzed Cyclo(FFIV) VFFI;C29H40N4O5;20.2;known
27;525.306;20.92;B;pos;4;;;20.92;
28;527.2853;12.75;B;pos;4;Hydrolyzed fungisporin B;C28H38N4O6;12.75;known
29;532.2908;36.36;B;pos;4;Fungisporin D;C30H37N5O4;36.36;known
30;537.3061;24.4;B;pos;4;;;24.4;
31;537.3061;23.07;B;pos;4;Hydrolyzed Cyclo(VR2FV) VR2FV;C28H42N4O5;23.07;unknown
32;539.2859;26.91;B;pos;4;Hydrolyzed Cyclo(R1FFV) R1FFV;C29H38N4O5;26.91;unknown
33;541.299;15.43;B;pos;4;Hydrolyzed Cyclo(YFIV);C29H40N4O6;15.43;known
34;541.299;13.84;B;pos;4;Hydrolyzed Cyclo(YFVI);C29H40N4O6;13.84;known
35;548.2866;29.45;B;pos;4;Cyclo(YWVV);C30H37N5O5;29.45;known;
36;550.3015;17.09;B;pos;4;Hydrolyzed Fungisporin D VFWV;C30H39N5O5;17.09;known
37;550.3015;17.84;B;pos;4;Hydrolyzed Fungisporin D VFWV;C30H39N5O5;17.84;
38;550.3015;18.93;B;pos;4;Hydrolyzed Fungisporin D WVVF;C30H39N5O5;18.93;known
39;566.2965;12.26;B;pos;4;Hydrolyzed Cyclo(YWVV)VYWV;C30H39N5O6;12.26;known
40;566.2965;13.24;B;pos;4;Hydrolyzed Cyclo(YWVV) WVVY;C30H39N5O6;13.24;known
41;576.318;21;B;pos;4;Hydrolyzed Cyclo(R1R2VF) R1R2VF;C30H43N5O5;21;unknown
42;668.3396;23.86;B;pos;4;R1GFFV;C38H45N5O6;23.86;unknown
43;180.1016;3.96;B;pos;7;;;3.96;
44;229.1071;6.13;B;pos;7;;;6.13;
45;229.1071;5.55;B;pos;7;LL-P880gamma;C11H16O5;5.55;
46;237.1847;22.12;B;pos;7;;;22.12;
47;253.1795;23.15;B;pos;7;;;23.15;
48;343.1756;17.83;B;pos;7;;;17.91;
49;469.243;21.18;B;pos;7;;;21.18;
50;469.243;24.04;B;pos;7;;;24.04;
51;477.309;16.92;B;pos;7;Hydrolyzed Cyclo(VIVF) VIVF;C25H40N4O5;16.92;unknown
